<?xml version="1.0" encoding="utf-8" ?>
<dwsync>
<file name="bottom.gif" server="C:/AppServ/www/JavaScript_Database/" local="128187425580000000" remote="128187425580000000" />
<file name="title.gif" server="C:/AppServ/www/JavaScript_Database/" local="128187425600000000" remote="128187425600000000" />
<file name="toptitle.gif" server="C:/AppServ/www/JavaScript_Database/" local="128187425600000000" remote="128187425600000000" />
<file name="expanded.gif" server="C:/AppServ/www/JavaScript_Database/" local="128187425580000000" remote="128187425580000000" />
<file name="collapsed.gif" server="C:/AppServ/www/JavaScript_Database/" local="128187425580000000" remote="128187425580000000" />
<file name="linkarrow.gif" server="C:/AppServ/www/JavaScript_Database/" local="128187425580000000" remote="128187425580000000" />
<file name="sdmenu.css" server="C:/AppServ/www/JavaScript_Database/" local="128187444920000000" remote="128187444920000000" />
<file name="sdmenu.js" server="C:/AppServ/www/JavaScript_Database/" local="128187605880000000" remote="128187605880000000" />
<file name="bottom.gif" server="C:/AppServ/www/WebTinTucCuaTeo/" local="128187425580000000" remote="128187425580000000" />
<file name="title.gif" server="C:/AppServ/www/WebTinTucCuaTeo/" local="128187425600000000" remote="128187425600000000" />
<file name="toptitle.gif" server="C:/AppServ/www/WebTinTucCuaTeo/" local="128187425600000000" remote="128187425600000000" />
<file name="expanded.gif" server="C:/AppServ/www/WebTinTucCuaTeo/" local="128187425580000000" remote="128187425580000000" />
<file name="collapsed.gif" server="C:/AppServ/www/WebTinTucCuaTeo/" local="128187425580000000" remote="128187425580000000" />
<file name="linkarrow.gif" server="C:/AppServ/www/WebTinTucCuaTeo/" local="128187425580000000" remote="128187425580000000" />
<file name="sdmenu.css" server="C:/AppServ/www/WebTinTucCuaTeo/" local="128187444920000000" remote="128187444920000000" />
<file name="sdmenu.js" server="C:/AppServ/www/WebTinTucCuaTeo/" local="128187605880000000" remote="128187605880000000" />
</dwsync>